#{"t_start": 1716404137.9892168, "env_id": "CenteringWorld-v0"}
r,l,t
-0.422,50001,693.969165
