#{"t_start": 1716404137.9892168, "env_id": "CenteringWorld-v0"}
r,l,t
-0.433,50001,693.97121
