#{"t_start": 1716404137.9981802, "env_id": "CenteringWorld-v0"}
r,l,t
0.819,393,1.470269
0.999,52,1.55365
-0.103,50001,695.452496
