#{"t_start": 1716404137.9991808, "env_id": "CenteringWorld-v0"}
r,l,t
0.851,231,0.835598
-0.277,50001,694.726
