#{"t_start": 1716404138.0001795, "env_id": "CenteringWorld-v0"}
r,l,t
-0.439,50001,693.972443
