#{"t_start": 1716404138.0011814, "env_id": "CenteringWorld-v0"}
r,l,t
0.748,419,1.508866
-0.143,50001,695.22358
