#{"t_start": 1716404138.0021813, "env_id": "CenteringWorld-v0"}
r,l,t
-0.404,50001,693.97244
