#{"t_start": 1716404138.0021813, "env_id": "CenteringWorld-v0"}
r,l,t
0.915,222,0.816957
-0.272,50001,694.703339
