#{"t_start": 1716404137.9931428, "env_id": "CenteringWorld-v0"}
r,l,t
-0.431,50001,693.970382
