#{"t_start": 1716404137.9934182, "env_id": "CenteringWorld-v0"}
r,l,t
0.946,183,0.76237
-0.32,50001,694.632746
