#{"t_start": 1716404137.9934182, "env_id": "CenteringWorld-v0"}
r,l,t
-0.469,50001,693.973108
