#{"t_start": 1716404137.9934182, "env_id": "CenteringWorld-v0"}
r,l,t
-0.467,50001,693.975107
