#{"t_start": 1716404137.9971716, "env_id": "CenteringWorld-v0"}
r,l,t
-0.465,50001,693.972354
