#{"t_start": 1716404137.9981802, "env_id": "CenteringWorld-v0"}
r,l,t
-0.386,50001,693.973442
